,Facies,Formation,Well Name,Depth,GR,ILD_log10,DeltaPHI,PHIND,PE,NM_M,RELPOS
1882,3,A1 SH,NOLAN,2853.5,113.07082342217551,0.506251759333884,8.17737809432333,15.754696736659026,3.948049830214478,1,1.0
1883,3,A1 SH,NOLAN,2854.0,92.8420028695188,0.6392099631489697,4.862315644707807,12.09197636910633,3.652671826922873,1,0.977
1884,3,A1 SH,NOLAN,2854.5,118.96872064161293,0.5589682782476966,7.650272258688536,14.044256536804047,3.3377343009094664,1,0.955
1885,3,A1 SH,NOLAN,2855.0,130.69858198472923,0.5351831897432209,7.810639356645143,17.642012318243367,3.1494237185924416,1,0.932
1886,3,A1 SH,NOLAN,2855.5,131.61697217710037,0.5693157697685961,7.495367467152871,18.44716822385905,2.5588917706667864,1,0.909
1887,3,A1 SH,NOLAN,2856.0,127.15018959954948,0.6688242468710175,4.689178846221243,20.808326783179947,2.7597951923075117,1,0.8859999999999999
1888,3,A1 SH,NOLAN,2856.5,110.02492942043145,0.7338301245335077,4.819266292703512,19.853077534823736,3.0655138989034905,1,0.8640000000000001
1889,3,A1 SH,NOLAN,2857.0,147.63388904134837,1.06825899654509,6.9634197457454325,8.329992975116784,4.205532203193726,1,0.841
1890,3,A1 SH,NOLAN,2857.5,159.2461978071951,1.0403677636312272,-0.3267192119408717,4.663628986104461,4.4398807283614365,1,0.818
1891,3,A1 SH,NOLAN,2858.0,141.71407189124844,0.9947109087957816,-0.0802489486685527,3.858473080488775,4.577881791444228,1,0.795
1892,3,A1 SH,NOLAN,2858.5,160.9811919005713,0.8558799623223643,6.513986314702095,8.464517538837699,4.3975718060726,1,0.773
1893,3,A1 SH,NOLAN,2859.0,164.73240171673075,0.8484213992619564,8.878152096183907,11.049514766262925,4.411262863383804,1,0.75
1894,3,A1 SH,NOLAN,2859.5,150.23975257225072,0.8459683868148693,8.732879385849575,11.41125341852486,4.2353634124941895,1,0.727
1895,3,A1 SH,NOLAN,2860.0,110.74436928205485,0.8315476091006161,1.7931551352080768,9.669742939487259,4.959801497581903,1,0.705
1896,3,A1 SH,NOLAN,2860.5,118.19312972694931,0.8435306910095111,3.7146397701817575,8.911283396553973,4.621489840864776,1,0.682
1897,2,A1 SH,NOLAN,2861.0,108.34849224623656,0.4852319030131718,8.909787956762733,18.534070436019718,3.1969432233082165,1,0.659
1898,2,A1 SH,NOLAN,2861.5,102.03588001208081,0.455748928681211,3.524044678598162,21.374597457457554,2.7209595750948505,1,0.636
1899,2,A1 SH,NOLAN,2862.0,95.39015599792096,0.4270112812010109,1.8646638570140968,18.9285533961797,2.7820370438471187,1,0.614
1900,2,A1 SH,NOLAN,2862.5,97.03457573473568,0.4087152426041073,2.0629242585052765,17.243314995826527,2.9541626603370736,1,0.591
1901,2,A1 SH,NOLAN,2863.0,105.6037813848956,0.4039256974953923,4.619102689058657,16.276788872944245,3.595598836859833,1,0.568
1902,1,A1 SH,NOLAN,2863.5,109.89412997067079,0.4096501950714999,5.171289705688126,17.611650042067293,3.491576667099334,1,0.545
1903,1,A1 SH,NOLAN,2864.0,114.08515424824871,0.4058651829929116,6.7085546033642105,18.692258234094886,3.345068989297654,1,0.523
1904,1,A1 SH,NOLAN,2864.5,112.16437015703737,0.4133190290919245,5.9965774857153376,17.814303447849973,3.2071229344800782,1,0.5
1905,1,A1 SH,NOLAN,2865.0,114.64278177763424,0.41775643036657706,7.9170972577707674,18.295682393025555,3.07535968914918,1,0.477
1906,1,A1 SH,NOLAN,2865.5,110.59008749716848,0.42204400434461603,7.302535945785188,20.561689183271426,3.065193260471409,1,0.455
1907,2,A1 SH,NOLAN,2866.0,107.52530029183671,0.4278217085438224,7.552810770179048,22.35014753800408,3.05755674031667,1,0.4320000000000001
1908,2,A1 SH,NOLAN,2866.5,103.41050013100642,0.4474482111202949,4.2641060887150815,21.76328466586252,3.1893199856475687,1,0.409
1909,2,A1 SH,NOLAN,2867.0,98.60493644387005,0.4623831577295295,3.910051846204957,20.44566375391172,3.2122201771987977,1,0.386
1910,2,A1 SH,NOLAN,2867.5,97.7400676105588,0.4858198398367175,3.6205717303167098,17.773877968739193,3.718608955714434,1,0.364
1911,2,A1 SH,NOLAN,2868.0,90.90077421995308,0.5730499309643661,7.267074293849678,18.652763197674968,3.7146688966194583,1,0.341
1912,2,A1 SH,NOLAN,2868.5,79.12612671806095,0.5849170844686589,6.2316362272887265,16.617588689371647,3.7068583797989074,1,0.318
1913,2,A1 SH,NOLAN,2869.0,98.99112423745669,0.5741182851644931,4.425307961326303,18.494434462306646,3.3290464185338307,1,0.295
1914,1,A1 SH,NOLAN,2869.5,76.84635605493945,0.7295922872139792,7.445101967937528,7.7689640330528915,3.807646239447783,1,0.273
1915,1,A1 SH,NOLAN,2870.0,87.38890352065893,0.6950627618978863,9.646771183317009,11.347584025429962,3.3585299097195733,1,0.25
1916,1,A1 SH,NOLAN,2870.5,86.56500374581219,0.6746618446757919,10.257163576179119,10.00855077518819,3.374825405712261,1,0.227
1917,1,A1 SH,NOLAN,2871.0,83.75431432047587,0.6555539442482803,10.302232919433106,8.053455044616339,3.363943871660465,1,0.205
1918,1,A1 SH,NOLAN,2871.5,75.08319265490941,0.6563014252775586,9.150217783873325,8.761643530820715,3.258381729341069,1,0.182
1919,1,A1 SH,NOLAN,2872.0,68.15372438266527,0.6721230081929811,8.949525495898808,9.2523300608696,3.263549392694346,1,0.159
1920,3,A1 SH,NOLAN,2872.5,66.04501779836447,0.6901083308871847,8.480815779666612,8.50395775734872,3.2326667043029675,1,0.136
1921,3,A1 SH,NOLAN,2873.0,120.54026491526008,0.8584020227369992,5.244505372961478,8.723966168511907,4.2665700469166215,1,0.114
1922,3,A1 SH,NOLAN,2873.5,38.78626641094816,0.7786174938761399,2.0576983508598627,8.397876920618629,3.2618982643972148,1,0.091
1923,3,A1 SH,NOLAN,2874.0,34.03143196551205,0.8210454008575866,2.6618775633389067,8.078988580361944,3.3882894095331317,1,0.068
1924,3,A1 SH,NOLAN,2874.5,66.80169800407879,0.710265021929789,8.252615161714052,7.865070978670322,3.4447242747615467,1,0.045
1925,3,A1 SH,NOLAN,2875.0,122.95347720079872,0.8713218933125265,8.594345440601813,9.093280315299484,4.105049998446359,1,0.023
1926,5,A1 LM,NOLAN,2875.5,25.92157066191911,0.8593299706131925,3.2297094642643494,8.178736616521544,3.4118106065693183,2,1.0
1927,5,A1 LM,NOLAN,2876.0,34.677280246411236,0.8834978617381941,4.405408855369986,8.279314060047621,3.6873650489371865,2,0.983
1928,5,A1 LM,NOLAN,2876.5,32.48838500284866,0.8975614666393131,4.522568687528844,8.587368250662246,3.2514977743268725,2,0.966
1929,8,A1 LM,NOLAN,2877.0,30.70309397202419,0.5258822539235632,-4.256112312907988,13.53283791541506,4.711051088280074,2,0.948
1930,8,A1 LM,NOLAN,2877.5,30.182305303904048,0.4878710735049632,-4.860873816618686,15.383196041175829,4.79156406470529,2,0.931
1931,8,A1 LM,NOLAN,2878.0,32.74530625842357,0.4683593176721192,-5.044533840868991,16.364248715368248,4.807098264901847,2,0.914
1932,8,A1 LM,NOLAN,2878.5,24.67859049123303,0.4381741497848838,-5.247537667154899,17.11605920428103,4.379444459095783,2,0.897
1933,6,A1 LM,NOLAN,2879.0,14.630696163213225,0.3734446502377887,9.717991811066264,12.253848929002302,3.731960596548648,2,0.879
1934,6,A1 LM,NOLAN,2879.5,33.98755969992085,0.39739815084492897,10.149698940104132,13.916572225521215,3.6106108320227794,2,0.862
1935,6,A1 LM,NOLAN,2880.0,28.23950065207189,0.8965553820484722,2.978230793289248,9.074898926381396,3.4040810654818867,2,0.845
1936,5,A1 LM,NOLAN,2880.5,36.35913016596482,0.8915297061497484,2.7450596877364237,9.20817435612305,3.463162942147292,2,0.828
1937,5,A1 LM,NOLAN,2881.0,50.68629406720811,0.4375888077002536,10.389446993990363,13.588450234867999,3.353866739917239,2,0.81
1938,5,A1 LM,NOLAN,2881.5,91.4170825258589,1.2863607863472482,6.033945613959927,6.2698940527884135,4.324207713564611,2,0.7929999999999999
1939,5,A1 LM,NOLAN,2882.0,92.62197194028164,1.2330957612281812,8.441250831231084,7.8238350917006025,4.115199574427272,2,0.7759999999999999
1940,5,A1 LM,NOLAN,2882.5,94.50749043450249,1.2147963150515992,9.14519757573461,8.075285444451639,4.100504413057642,2,0.759
1941,5,A1 LM,NOLAN,2883.0,97.19399795055523,1.199360250348378,6.931524330470498,6.342839507782594,4.093179054723143,2,0.741
1942,5,A1 LM,NOLAN,2883.5,59.608859047022044,0.4600515574623352,10.936062517111884,13.42395780188964,3.2624273286751704,2,0.7240000000000001
1943,6,A1 LM,NOLAN,2884.0,-10.824645456451053,0.6714481821622722,2.5083015271357487,9.862541133259146,3.808792049042366,2,0.7070000000000001
1944,6,A1 LM,NOLAN,2884.5,105.16364871198448,1.2558157086337356,1.9253448891303808,3.584226092060587,4.5578064195032,2,0.69
1945,7,A1 LM,NOLAN,2885.0,77.78883775451612,0.4792208863816632,5.000370637637187,13.838544388007678,5.170718535145491,2,0.672
1946,7,A1 LM,NOLAN,2885.5,84.55716176925405,0.4769478244715961,4.742609508733735,13.527234878068311,5.066935271219567,2,0.655
1947,7,A1 LM,NOLAN,2886.0,146.09246031920324,0.5087603585829719,5.09012802253779,12.225527029491913,4.851996525114175,2,0.638
1948,7,A1 LM,NOLAN,2886.5,138.3172371225962,0.5067745624548456,5.1511531314150805,12.253266790686762,4.864479708242305,2,0.621
1949,9,A1 LM,NOLAN,2887.0,25.257817910382627,0.4010485127741763,-5.475492844620472,18.131902691095732,4.402820544572276,2,0.603
1950,9,A1 LM,NOLAN,2887.5,29.65696791134445,0.4065069381109832,-4.692674345588474,17.765883668613984,4.530548068802666,2,0.586
1951,9,A1 LM,NOLAN,2888.0,28.051125811674513,0.4278071492815719,-3.4735779233555637,15.776049675372493,4.4255193336856635,2,0.569
1952,8,A1 LM,NOLAN,2888.5,39.52535423511714,0.4432952239865764,-4.006099501662006,14.643840793067108,4.447594778382726,2,0.552
1953,6,A1 LM,NOLAN,2889.0,18.677138644278415,0.6388664301722211,4.827988736866574,10.646163011105417,3.595367109548198,2,0.534
1954,6,A1 LM,NOLAN,2889.5,42.659753774468705,0.6028577172849219,5.864186066720523,9.656851365655044,3.5800728757202136,2,0.517
1955,6,A1 LM,NOLAN,2890.0,51.982631869306935,0.5829689867508612,7.9482765395969155,7.525502862577543,3.7624985528512136,2,0.517
1956,6,A1 LM,NOLAN,2890.5,55.022787777379314,0.4483775678535109,-3.571740873543616,13.60096588650407,4.249930695717338,2,0.5
1957,6,A1 LM,NOLAN,2891.0,68.73134729282043,0.43301220528302775,-3.7796530683481344,13.46478446830611,4.220841404413658,2,0.483
1958,6,A1 LM,NOLAN,2891.5,57.089424289965294,0.5765568687830991,8.365795141112246,6.945554166279352,3.8243977559766495,2,0.466
1959,6,A1 LM,NOLAN,2892.0,58.351225305953356,0.5961096664971475,4.413524050250567,8.05615500816958,3.9713561960683896,2,0.448
1960,6,A1 LM,NOLAN,2892.5,77.44784148017374,0.3955308575277412,-4.537130151571123,13.669185201494406,4.1903907516051895,2,0.431
1961,6,A1 LM,NOLAN,2893.0,82.05059486618595,0.3727999158880347,-4.392145669802678,14.715634832711938,4.158400476094732,2,0.414
1962,6,A1 LM,NOLAN,2893.5,53.27012996083357,0.6313128589812826,1.8454295505940248,8.548373012481099,4.080144099896257,2,0.397
1963,7,A1 LM,NOLAN,2894.0,72.1398614243204,0.5894834879933718,-2.5057219580580554,21.528453346300534,3.202631783287297,2,0.379
1964,8,A1 LM,NOLAN,2894.5,80.10781012409132,0.3669331285711404,-3.8902874728907206,17.016020167330456,4.469094782811934,2,0.362
1965,8,A1 LM,NOLAN,2895.0,75.81039940840739,0.3785890417634789,-3.287077366112612,18.833225358663867,4.490062092102601,2,0.345
1966,8,A1 LM,NOLAN,2895.5,75.02586635819995,0.4119091955242715,-3.027883358428265,17.429310120629395,4.51053502295507,2,0.328
1967,8,A1 LM,NOLAN,2896.0,86.5027519483193,0.4534232279651063,-3.1118422164690407,13.73751283752023,4.775853974958627,2,0.31
1968,7,A1 LM,NOLAN,2896.5,97.89695561225365,0.4732770804946316,-2.9461130546124625,11.666053835385606,4.55013240463555,2,0.293
1969,7,A1 LM,NOLAN,2897.0,89.1286545305342,1.0832964608317273,3.1094828348383965,6.038052812004121,4.050765963726095,2,0.276
1970,7,A1 LM,NOLAN,2897.5,87.77388243895454,1.1045855981026604,0.8722934380365515,3.4382632241613376,4.0098684654381636,2,0.259
1971,8,A1 LM,NOLAN,2898.0,81.05988969355255,1.1578662719487125,-2.1542156211776744,2.32099756700338,3.9173534526037903,2,0.241
1972,8,A1 LM,NOLAN,2898.5,83.08439104778151,1.129004077561321,-2.5649436075421908,4.140554150772854,3.863977312848645,2,0.224
1973,8,A1 LM,NOLAN,2899.0,16.965508382994386,1.0034098890303955,0.22331518154367413,12.372503274892471,4.304597401117537,2,0.207
1974,8,A1 LM,NOLAN,2899.5,40.4637286492554,0.9363064546194092,0.3720109099453525,12.023230349256874,4.837675024879787,2,0.19
1975,7,A1 LM,NOLAN,2900.0,90.80226290118755,0.6895761859491724,-1.979748029722828,33.873623541122605,2.2985696447266766,2,0.172
1976,6,A1 LM,NOLAN,2900.5,30.18389591784087,0.8885170253115892,2.0064879327357685,9.547934591872773,3.5724279080315013,2,0.155
1977,6,A1 LM,NOLAN,2901.0,62.801638168033065,0.978719109516473,-0.02455122286076955,12.852922312253694,4.694302744377874,2,0.138
1978,6,A1 LM,NOLAN,2901.5,119.02093865685283,0.4090576012202439,5.343517537701207,17.514673723588455,2.5631290784661087,2,0.121
1979,6,A1 LM,NOLAN,2902.0,101.70751773684034,0.5740231025582521,12.898729419013204,16.745719605243295,3.33969532548926,2,0.103
1980,6,A1 LM,NOLAN,2902.5,75.5169195185064,0.6056223139052749,6.803899911808549,16.445186204287182,3.5336348939865063,2,0.086
1981,6,A1 LM,NOLAN,2903.0,62.791234299704065,0.6097027999372777,10.051370271537527,15.313998124160598,3.5798402284966007,2,0.069
1982,6,A1 LM,NOLAN,2903.5,57.64045602533026,0.6214367614993106,12.034951188369027,13.707958344066338,3.552405685531337,2,0.069
1983,6,A1 LM,NOLAN,2904.0,34.89064439833925,0.8824940585804456,2.3783223024896327,9.425111456699302,3.4489490933278324,2,0.052000000000000005
1984,6,A1 LM,NOLAN,2904.5,129.55075674425137,0.36105903379761856,6.844763522693464,20.364615223551965,2.952191741119706,2,0.034
1985,4,A1 LM,NOLAN,2905.0,55.514831503662116,0.9267908338307012,-0.374203708442145,12.989103730451653,4.3304075518121135,2,0.017
1986,3,A1 LM,NOLAN,2905.5,26.394604355900327,0.8838400846964469,-0.8872015420260484,13.260904813640357,4.897087649210422,1,1.0
1987,3,B1 SH,NOLAN,2906.0,106.48071307319836,0.8739748350843201,11.239705470407683,8.972503894107726,3.9825578198877807,1,0.971
1988,3,B1 SH,NOLAN,2906.5,114.40529984651735,0.8635051742471064,11.486175733680005,8.787043548948681,3.8911134284865647,1,0.941
1989,3,B1 SH,NOLAN,2907.0,123.77424084856972,0.8609434541397247,7.865454740925639,10.4778667728995,3.7281198533563376,1,0.912
1990,3,B1 SH,NOLAN,2907.5,121.33686678018606,0.3998208525510609,-2.2386186475724914,22.868307608805303,2.422387345368677,1,0.882
1991,3,B1 SH,NOLAN,2908.0,132.54924278169207,0.460744818991167,12.624581796064774,18.142782249943398,3.117819739567018,1,0.853
1992,3,B1 SH,NOLAN,2908.5,115.15174934298695,0.7543892909024751,7.296078917895839,11.152820652173913,3.473005420550736,1,0.8240000000000001
1993,3,B1 SH,NOLAN,2909.0,63.80072462735839,0.7267749949464308,8.290385688927977,7.472426078193977,3.4504789869154666,1,0.794
1994,3,B1 SH,NOLAN,2909.5,63.02416209732417,0.7325001015705623,6.6055188471753175,7.370670893377722,3.4708421451657627,1,0.765
1995,3,B1 SH,NOLAN,2910.0,59.328340551867534,0.7281727658982677,4.9107641918927785,6.6114104195474415,3.253222794586267,1,0.735
1996,3,B1 SH,NOLAN,2910.5,59.4725471445121,0.7240414808323075,3.8135608792394575,5.750067321581207,3.4620716785361783,1,0.706
1997,3,B1 SH,NOLAN,2911.0,122.14114834796922,0.7475910017606403,7.394766813468759,11.307803463428627,3.3689409353318975,1,0.6759999999999999
1998,3,B1 SH,NOLAN,2911.5,153.01860262077543,0.974779510033312,6.2114548227073385,6.7916911880668005,3.9670279997823896,1,0.647
1999,3,B1 SH,NOLAN,2912.0,166.77657541077826,0.9794852589423388,5.705222395179508,6.58506861802535,4.030111906642161,1,0.618
2000,3,B1 SH,NOLAN,2912.5,173.83553082989155,0.984363417274882,5.202402722469464,6.4764766041950175,4.054540618704174,1,0.588
2001,2,B1 SH,NOLAN,2913.0,70.25411532693568,0.5650881759365345,4.813394315225697,13.066865771731813,3.1133701632754236,1,0.5589999999999999
2002,2,B1 SH,NOLAN,2913.5,64.33502603150842,0.545149087978328,4.5221506885254845,14.756159857054186,2.969918864943322,1,0.529
2003,2,B1 SH,NOLAN,2914.0,45.74501160540986,0.43945389506879295,3.137381704771981,2.4343781511934917,4.055978928084864,1,0.5
2004,2,B1 SH,NOLAN,2914.5,88.54252605406904,0.5784109795128596,-1.0014304066827822,30.807775422104392,2.9751472446664007,1,0.471
2005,2,B1 SH,NOLAN,2915.0,77.19437301210364,0.583826494095033,-0.6576558121205579,27.35101799576271,3.433294363194386,1,0.441
2006,2,B1 SH,NOLAN,2915.5,65.55753950336437,0.5965501676396399,-1.6365075578147414,20.75505419011469,3.5312011008050828,1,0.412
2007,2,B1 SH,NOLAN,2916.0,57.2964196579536,0.6406150871773496,7.196359800997581,6.837424335259355,4.033610123011843,1,0.382
2008,1,B1 SH,NOLAN,2916.5,52.818979862329556,0.6807885857744946,7.480928456584579,3.900409751247554,4.079617096618623,1,0.353
2009,1,B1 SH,NOLAN,2917.0,53.54573709398841,0.7310344256457798,8.519227699913367,0.6992557106175248,4.213923992252731,1,0.324
2010,1,B1 SH,NOLAN,2917.5,56.23647269155914,0.7689468611556134,5.106028925096763,4.899766005545743,4.0878104282005046,1,0.294
2011,2,B1 SH,NOLAN,2918.0,58.27350417342108,0.7788510037034089,4.360799536727384,5.880696581467732,3.913331877504768,1,0.265
2012,1,B1 SH,NOLAN,2918.5,60.03490803715428,0.7737307043798591,5.863142442907798,7.2673686479578095,3.8861635197852378,1,0.235
2013,1,B1 SH,NOLAN,2919.0,61.225229409788504,0.7602085283892359,5.697170638603098,8.237011616381059,3.826239249903749,1,0.206
2014,3,B1 SH,NOLAN,2919.5,59.89641006499246,0.7402181323131106,6.537094442058733,8.416047311179293,3.8215329175285615,1,0.17600000000000002
2015,3,B1 SH,NOLAN,2920.0,57.630494177921584,0.7213857357034117,5.597994137665506,8.327076566321495,3.65094008217934,1,0.147
2016,3,B1 SH,NOLAN,2920.5,55.474022644861115,0.7023924108133497,5.46619701528862,7.055877718662658,3.622781606590749,1,0.118
2017,3,B1 SH,NOLAN,2921.0,171.29986204839756,1.0060032557511571,5.160228971878452,6.690036966137903,4.096458995454222,1,0.08800000000000001
2018,3,B1 SH,NOLAN,2921.5,157.590425944196,1.0253037566346443,5.621549284061433,6.3639059916623495,4.1492337193793665,1,0.059
2019,8,B1 LM,NOLAN,2922.0,21.656460867945885,0.8609148819121053,-1.9630689948798945,12.647922239596411,5.024215399643212,1,0.029
2020,8,B1 LM,NOLAN,2922.5,13.944159597803779,0.8395782652270772,-2.4934070784957734,11.222894001734913,5.486418020482604,2,1.0
2021,8,B1 LM,NOLAN,2923.0,19.722975752187182,0.8130880408168102,-2.8663687337894954,10.176977701778231,5.065096257059363,2,0.95
2022,8,B1 LM,NOLAN,2923.5,23.49637799834944,0.7650493602489332,-2.7123896671365313,9.632207052983052,5.145331261751049,2,0.9
2023,8,B1 LM,NOLAN,2924.0,48.823344953688434,0.6663226707357355,-2.2864901075472357,8.803122181252382,4.569316310895644,2,0.85
2024,8,B1 LM,NOLAN,2924.5,121.40899559771827,0.32843993818446593,5.6547412558718815,21.215282568414523,3.1816205834753304,2,0.8
2025,8,B1 LM,NOLAN,2925.0,105.01287179097478,0.2598494733071155,5.137170871069435,21.860521412225367,3.30005620555935,2,0.75
2026,8,B1 LM,NOLAN,2925.5,78.30483894375399,0.5305654993823895,5.872586012322338,16.276910496979532,7.173044059182647,2,0.7
2027,8,B1 LM,NOLAN,2926.0,70.70003888388476,0.5164780624592785,7.337733842227937,18.992017522270924,6.856557133305604,2,0.65
2028,8,B1 LM,NOLAN,2926.5,73.51663238244221,0.507015199535072,6.134048877049995,19.334815033448585,6.787810259594816,2,0.6
2029,8,B1 LM,NOLAN,2927.0,60.627724372189924,0.4781672239043572,3.870671091057428,22.313334047984906,5.739116577506382,2,0.55
2030,8,B1 LM,NOLAN,2927.5,53.080654145182905,0.4634122588528434,1.999241466976156,20.694177948734936,5.158550510410044,2,0.5
2031,4,B1 LM,NOLAN,2928.0,27.98924324957977,0.8754641241024687,1.6591092637365903,9.01877781800242,3.4194346894871988,2,0.45
2032,4,B1 LM,NOLAN,2928.5,35.943871916427085,0.870435333090915,3.011627604535109,8.710353092855014,3.2408606985067117,2,0.4
2033,4,B1 LM,NOLAN,2929.0,26.97056243822889,0.8653961257443915,3.5189584324602667,8.92645460233135,3.363703277086496,2,0.35
2034,4,B1 LM,NOLAN,2929.5,31.121101010455057,0.8583164852624896,4.1594604028997955,9.000194947283108,3.272074808536823,2,0.3
2035,6,B1 LM,NOLAN,2930.0,96.77770440641613,0.16059126957523978,4.724747768421244,22.21493210009534,3.3883097500582737,2,0.25
2036,6,B1 LM,NOLAN,2930.5,92.25639733763865,0.14504257875080534,2.874426308137529,20.918299899560694,3.40517148308505,2,0.2
2037,6,B1 LM,NOLAN,2931.0,38.58161652106274,0.3843046770181475,-0.576880469255421,20.164015494396647,5.27638653893553,2,0.15
2038,6,B1 LM,NOLAN,2931.5,44.18289104881487,0.3549483943241356,-1.1538151088737132,18.39645981490596,5.831892635670557,2,0.1
2039,4,B2 SH,NOLAN,2932.0,53.06682303003437,0.7002472814210187,5.269358805466972,6.725402854161644,3.5280967558827543,2,0.05
2040,3,B2 SH,NOLAN,2932.5,50.892585633060065,0.6981439684735946,2.8463915425762654,5.480008477778824,3.3912899262684024,1,1.0
2041,3,B2 SH,NOLAN,2933.0,49.24007835649008,0.6940543809242521,1.3970305804029466,4.745123543685251,3.085510842015835,1,0.955
2042,2,B2 SH,NOLAN,2933.5,36.43068139373812,0.7200853235361082,-3.7597973432180902,12.068927663442693,4.113446830296275,1,0.909
2043,2,B2 SH,NOLAN,2934.0,88.38646713489189,0.5488121087658834,-0.17541182957470092,22.271564914449712,3.088046566884675,1,0.8640000000000001
2044,2,B2 SH,NOLAN,2934.5,89.25432671520605,0.5149784086191435,2.5866554715609844,28.014313499657856,2.990767207783738,1,0.818
2045,2,B2 SH,NOLAN,2935.0,92.11831048994452,0.4816761459712298,6.434840939988974,29.829669803475422,3.0140331948164443,1,0.773
2046,2,B2 SH,NOLAN,2935.5,67.88959699656581,0.5493354148364014,3.0728086610680125,22.903883448572742,3.64025824364152,1,0.727
2047,3,B2 SH,NOLAN,2936.0,145.1742477315139,1.0580435746062355,5.747090050835272,6.24694694171453,4.1768768841530175,1,0.682
2048,3,B2 SH,NOLAN,2936.5,128.01976457781547,1.079744042961604,5.370467659464973,5.419147997999394,4.186308740531178,1,0.636
2049,3,B2 SH,NOLAN,2937.0,96.20661026850216,1.1085468253766508,4.732707678386391,5.071524083562476,4.167557267547286,1,0.591
2050,3,B2 SH,NOLAN,2937.5,68.43641443632497,1.1952533040647129,3.66408905458626,4.876652703931678,4.299399590630443,1,0.545
2051,3,B2 SH,NOLAN,2938.0,40.34740872389981,1.2845209415352588,2.2813044255552235,4.162859054404425,4.31075520793075,1,0.5
2052,3,B2 SH,NOLAN,2938.5,51.79067026178615,1.153858334492417,2.205821966105155,3.498192875474436,4.34625081425506,1,0.455
2053,3,B2 SH,NOLAN,2939.0,88.13330277497606,1.092934368052311,2.9481348425524825,4.427893237786312,4.358613414669047,1,0.409
2054,2,B2 SH,NOLAN,2939.5,62.44668300629088,0.6033767519093763,5.564999177554751,24.037311841794004,3.998739295110898,1,0.364
2055,2,B2 SH,NOLAN,2940.0,77.15603090320418,0.400771194086224,13.361676083451865,24.815960919221173,2.998889722253661,1,0.318
2056,2,B2 SH,NOLAN,2940.5,60.29626772649665,0.4243163312360159,9.706424269958985,25.51369740493961,3.0005469892607413,1,0.273
2057,2,B2 SH,NOLAN,2941.0,75.21602651499393,0.6814137737001129,-1.821934961610472,25.121735197675577,2.5590527897620627,1,0.227
2058,2,B2 SH,NOLAN,2941.5,72.3405134978619,0.7041720589131285,3.562218470980281,21.207725704825886,2.664311099438767,1,0.182
2059,3,B2 SH,NOLAN,2942.0,100.27052199500756,1.0488123605196409,4.557471499940163,5.724314342169451,4.2773190001730335,1,0.136
2060,3,B2 SH,NOLAN,2942.5,95.53268684669888,1.012079614817055,4.242173167649817,6.890302957146915,4.288258350378194,1,0.091
2061,3,B2 SH,NOLAN,2943.0,39.165665311964325,0.6715871082465761,4.2880093862029,12.038811257979775,3.481838124580654,1,0.045
2062,8,B2 SH,NOLAN,2943.5,26.749487099282213,0.5921267653351235,4.645470207037037,11.985819824827635,3.4905864893131264,2,1.0
2063,8,B2 LM,NOLAN,2944.0,61.70343319453666,0.32982689229864925,-0.273781114129642,16.727146229310037,6.314043453402488,2,0.958
2064,8,B2 LM,NOLAN,2944.5,60.097591094866715,0.32327070410337577,1.231933099456456,16.542828568097562,6.1227561488650855,2,0.917
2065,8,B2 LM,NOLAN,2945.0,52.600859608806296,0.3097757720400035,2.2981746240773586,17.218186376373893,6.022534620781374,2,0.875
2066,8,B2 LM,NOLAN,2945.5,43.256384459643485,0.273355018844335,1.1280283366821768,15.857056452949045,5.800286866971729,2,0.833
2067,8,B2 LM,NOLAN,2946.0,44.645835389277714,0.2491484319585047,1.4968814585071852,14.36025569113699,6.502963952683455,2,0.792
2068,8,B2 LM,NOLAN,2946.5,50.229204771094025,0.22256320343637956,3.6841705338144752,13.874561949524619,7.881142665793169,2,0.75
2069,8,B2 LM,NOLAN,2947.0,42.32830069167619,0.21304758264767165,5.257966984320549,14.572428480719465,6.626207437938679,2,0.708
2070,8,B2 LM,NOLAN,2947.5,41.39772579768218,0.1706349277506075,4.403192669363869,15.23099419702285,6.581982466238856,2,0.667
2071,8,B2 LM,NOLAN,2948.0,26.95292083817811,0.1459441482366851,4.176746236049998,16.021872242801518,6.212406472581236,2,0.625
2072,8,B2 LM,NOLAN,2948.5,31.731955066578774,0.0850164628812558,3.3432062223143264,17.65076601750538,6.433450455582287,2,0.583
2073,8,B2 LM,NOLAN,2949.0,36.673904861028255,-0.0442288145691726,3.0349983343184763,21.78896546866593,5.651504215416916,2,0.542
2074,8,B2 LM,NOLAN,2949.5,51.647141084041955,-0.09206430848299996,0.670874281831505,24.13289063175438,5.540315676834358,2,0.5
2075,8,B2 LM,NOLAN,2950.0,57.00925274778759,0.044768439164420526,1.8273880710657573,19.720124151050047,5.328495609758824,2,0.458
2076,8,B2 LM,NOLAN,2950.5,63.92486673541686,0.1178772435767912,2.683583275249099,18.53616223238332,5.6372988526683185,2,0.417
2077,8,B2 LM,NOLAN,2951.0,49.759409593048446,0.1819976827860621,1.6053278889527276,18.006152048739352,5.051535254842661,2,0.375
2078,8,B2 LM,NOLAN,2951.5,47.89117665465935,0.265513952570634,0.3224196078057837,16.917935017240797,4.940346716260104,2,0.333
2079,6,B2 LM,NOLAN,2952.0,99.95023050943945,0.24172146952021545,0.14144525296842048,18.503985369038826,3.920751413096464,2,0.292
2080,6,B2 LM,NOLAN,2952.5,114.59858955107252,0.2846653464363808,-0.8677972109894361,12.082549845505907,4.024257837597636,2,0.25
2081,6,B2 LM,NOLAN,2953.0,62.115035183911885,1.1418192744682645,-0.08143363398168457,9.00990462141504,4.3596875303543134,2,0.208
2082,6,B2 LM,NOLAN,2953.5,63.365248137552044,0.9730137950783384,-0.5815667241712204,8.782577866173419,4.252117106803142,2,0.16699999999999998
2083,6,B2 LM,NOLAN,2954.0,45.5716679573963,0.2957110182702651,0.07467355989607984,15.6959124744369,5.224201475662674,2,0.125
2084,6,B3 SH,NOLAN,2954.5,19.607511326747485,0.5283754304088337,3.8142617432614383,11.514896196969236,3.4640843403974486,2,0.083
2085,6,B3 SH,NOLAN,2955.0,28.33466763974866,0.473935144081874,1.4056157882846485,11.101172503202932,3.5741924411839263,2,0.042
2086,3,B3 SH,NOLAN,2955.5,52.304865561821835,0.8004836900926775,1.99696521192799,1.9232306632224727,3.6473625207510496,1,1.0
2087,3,B3 SH,NOLAN,2956.0,54.00419395133501,0.7435098281854674,2.0299601720387463,3.1142478525350903,3.5500426453655947,1,0.962
2088,2,B3 SH,NOLAN,2956.5,54.657796885440256,0.688184929556089,2.325600544126524,4.253959627321297,3.4051505501396013,1,0.923
2089,2,B3 SH,NOLAN,2957.0,59.182605739199154,0.6540698569065329,-2.7525561097056555,15.488122075429732,3.0956494748223298,1,0.885
2090,2,B3 SH,NOLAN,2957.5,70.65573485722516,0.6293919768332668,-3.170303180859975,21.452212784378585,3.0114568802104813,1,0.846
2091,2,B3 SH,NOLAN,2958.0,79.67504563558046,0.6163337780803317,-2.439937126950102,25.178458739894616,2.8925815214951096,1,0.8079999999999999
2092,2,B3 SH,NOLAN,2958.5,86.93741000575365,0.6080159804438807,-1.7183369016139634,24.53742410040814,2.9933615680975496,1,0.769
2093,2,B3 SH,NOLAN,2959.0,85.82964996510125,0.5982431104308747,0.363276775864505,19.709511260966945,3.2661366190752523,1,0.731
2094,2,B3 SH,NOLAN,2959.5,76.0054292946855,0.594865711008735,6.571280574538977,10.5682183566706,3.4247886697897405,1,0.6920000000000001
2095,2,B3 SH,NOLAN,2960.0,60.575897533919466,0.593189368727628,2.161637576020297,8.84562203281227,3.321084719796008,1,0.654
2096,2,B3 SH,NOLAN,2960.5,59.61526761103651,0.5926323284711644,1.497893384409252,7.162458942156798,3.2947608098534262,1,0.615
2097,2,B3 SH,NOLAN,2961.0,78.36986917634363,0.5351882921933194,10.078950188682727,13.83854605401033,3.4737806416438195,1,0.5770000000000001
2098,2,B3 SH,NOLAN,2961.5,70.17313409041789,0.5757243034437729,11.613194345497078,14.376946540917134,3.546875991990982,1,0.5379999999999999
2099,2,B3 SH,NOLAN,2962.0,53.30897426081896,0.6022284887128265,10.53084943937894,12.63426179045234,4.012354991278848,1,0.5
2100,2,B3 SH,NOLAN,2962.5,53.77739101371468,0.5309754762449261,2.358314761586457,15.171894006202672,3.0037152290799747,1,0.462
2101,3,B3 SH,NOLAN,2963.0,62.090098243099725,0.5095444504926749,4.135287885254237,15.621902556878307,2.903444962549166,1,0.423
2102,2,B3 SH,NOLAN,2963.5,61.60181470446242,0.581653067661609,1.3295711899908935,6.377155987633473,3.1513095115213243,1,0.385
2103,2,B3 SH,NOLAN,2964.0,77.54122981082277,0.6016560003231718,7.51683103390508,13.32942528220757,3.3775573511513843,1,0.34600000000000003
2104,2,B3 SH,NOLAN,2964.5,69.09858055381497,0.6392589106358622,8.59638975627628,15.842698101517833,3.615899226325791,1,0.308
2105,2,B3 SH,NOLAN,2965.0,64.75141006240746,0.37492251578096497,9.272307986777276,21.491041023805607,2.8342267523884517,1,0.269
2106,2,B3 SH,NOLAN,2965.5,82.91410607782527,0.3654155521030941,9.689187209331637,23.38471705724689,2.8313853116023617,1,0.231
2107,2,B3 SH,NOLAN,2966.0,87.92256375092522,0.3547897070039626,8.830698718980084,24.74897855790612,2.908850275949067,1,0.192
2108,2,B3 SH,NOLAN,2966.5,89.81967627947269,0.344498130557918,11.665894178399412,23.872763085659056,2.977757231643316,1,0.154
2109,2,B3 SH,NOLAN,2967.0,93.78514805529407,0.3283419388491251,13.185793719848368,22.507675219937912,3.289532430130348,1,0.115
2110,2,B3 SH,NOLAN,2967.5,59.736064644640216,0.4451323616668272,7.598069032865443,14.256052146528518,3.2200535217433583,1,0.077
2111,3,B3 SH,NOLAN,2968.0,112.19536876318571,0.7723629147792191,5.830926694606545,10.213664935241496,4.006138311371839,1,0.038
2112,5,B3 LM,NOLAN,2968.5,40.350711465108546,0.8552711834473619,3.5879543668574625,9.285925877378613,3.6562336586783024,2,1.0
2113,8,B3 LM,NOLAN,2969.0,42.443946674397814,0.8481330772227718,3.3481261561173903,9.037422008735303,3.741645325736133,2,0.917
2114,8,B3 LM,NOLAN,2969.5,58.0226039396324,0.3425950460515832,-0.6793590274517018,15.007116729290376,5.5132540607799925,2,0.833
2115,8,B3 LM,NOLAN,2970.0,68.09809813826529,0.4172581794576614,-0.475200270334688,14.220312783237052,5.880799843396945,2,0.75
2116,8,B3 LM,NOLAN,2970.5,69.37560788753291,0.4974831981016634,-1.7794252791415808,14.081384923865295,5.709417402441408,2,0.667
2117,8,B3 LM,NOLAN,2971.0,66.25818100786174,0.5445544287678826,-0.9398588894174822,14.787834363372154,5.459776630157942,2,0.583
2118,8,B3 LM,NOLAN,2971.5,59.05146503418696,0.5677369083496628,0.7712968761440079,15.460280883751919,4.98267482293692,2,0.5
2119,8,B3 LM,NOLAN,2972.0,54.5335074944092,0.5816171289174178,2.8202993252053234,15.081193968286225,4.926038075438858,2,0.417
2120,8,B3 LM,NOLAN,2972.5,65.07596851497814,0.5908771589018688,1.076452195153566,13.943318442323735,5.198016658332914,2,0.333
2121,8,B3 LM,NOLAN,2973.0,72.78905062321678,0.6187885378846911,-1.6021482992742926,13.328834475818406,6.144256153294292,2,0.25
2122,8,B3 LM,NOLAN,2973.5,84.16656827485289,0.6909198725636272,-2.0895865594844727,11.520338921525164,6.2614433798649065,2,0.16699999999999998
2123,8,B3 LM,NOLAN,2974.0,90.58209927504492,0.7428470991560976,-1.430294903363894,9.819661133553844,5.914541215914879,2,0.083
2124,2,B4 SH,NOLAN,2974.5,94.17417509319029,0.32606097816146,14.171643406655074,22.389483069556032,3.279108670632267,1,1.0
2125,2,B4 SH,NOLAN,2975.0,95.18197461643773,0.3347993109278372,13.452205735542154,22.665725074838534,3.276509304886313,1,0.958
2126,2,B4 SH,NOLAN,2975.5,101.0943826737247,0.35315982870200424,16.999901149629245,22.784633755786384,3.421965686478011,1,0.917
2127,2,B4 SH,NOLAN,2976.0,103.05224348284555,0.36960968222113455,13.873788065350315,24.579576116386967,3.509673279328502,1,0.875
2128,2,B4 SH,NOLAN,2976.5,103.59369316209938,0.4029435549244947,16.05547808391858,25.751273046521487,3.5127204139157686,1,0.833
2129,2,B4 SH,NOLAN,2977.0,97.86072260051166,0.4409379824105403,12.213587084047315,25.617492565072922,3.5188424194245296,1,0.792
2130,2,B4 SH,NOLAN,2977.5,97.98230747557876,0.4424079641669131,12.38599672832278,25.661974443194584,3.5219175531751667,1,0.75
2131,2,B4 SH,NOLAN,2978.0,121.70326161700224,0.5954262768271348,0.7135589058279419,19.398163148861805,3.3802940589468147,1,0.708
2132,2,B4 SH,NOLAN,2978.5,110.9587100977542,0.5719833429090535,4.6838054251794405,23.66843797467388,3.23779453330392,1,0.667
2133,2,B4 SH,NOLAN,2979.0,93.97872182324251,0.5304477140082556,10.623891358003323,22.153901354921835,3.4591628554165976,1,0.625
2134,2,B4 SH,NOLAN,2979.5,83.54344531566808,0.5018184705894453,15.168201340765755,20.48434093183653,3.5437200997018983,1,0.583
2135,2,B4 SH,NOLAN,2980.0,79.33203833419954,0.4840520843596104,17.26818949048005,20.17480646758912,3.6090758352470713,1,0.542
2136,2,B4 SH,NOLAN,2980.5,76.77659963071687,0.4774627023416294,15.844910101252653,20.677705938679804,3.654534968766008,1,0.5
2137,2,B4 SH,NOLAN,2981.0,69.59974828287913,0.4786740612367415,14.485060967472995,21.025877703821255,3.767883787461857,1,0.458
2138,2,B4 SH,NOLAN,2981.5,73.92750972621842,0.4899002390536453,12.270607696659166,21.80224834316484,3.7721722542478537,1,0.417
2139,2,B4 SH,NOLAN,2982.0,74.65276933429244,0.5040415936715933,12.10084465956551,22.075590972107353,3.918948220920623,1,0.375
2140,2,B4 SH,NOLAN,2982.5,68.8443798934668,0.5208895541525801,10.765262530453471,21.88023623485652,3.9022871632358966,1,0.333
2141,2,B4 SH,NOLAN,2983.0,67.6224725247628,0.5456724244806719,10.577252579105348,19.748354098145622,3.7305736615632106,1,0.292
2142,2,B4 SH,NOLAN,2983.5,64.95615517905193,0.558243396688208,11.054946084495585,16.911595331109826,3.780842203066829,1,0.25
2143,3,B4 SH,NOLAN,2984.0,57.79428584157773,0.7079539021471924,2.943512469283799,10.292876081684117,3.0702785575862075,1,0.208
2144,3,B4 SH,NOLAN,2984.5,84.24875796468018,0.7175363201325722,6.881400443765553,12.523502713885929,2.8706281627933135,1,0.16699999999999998
2145,3,B4 SH,NOLAN,2985.0,103.00895197150786,0.8038170956660244,6.3833896620734265,10.582565471366904,3.816914510141476,1,0.125
2146,3,B4 LM,NOLAN,2985.5,43.74636790389224,0.8430016980922086,2.2944602203735527,9.445344645454297,3.7464218621593277,1,0.083
2147,3,B4 LM,NOLAN,2986.0,103.22792057421921,0.7944056429429451,0.5709201320674913,9.53595318151697,4.088886978993564,1,0.042
2148,8,B4 LM,NOLAN,2986.5,111.58767178948393,0.8195271449684314,4.7892388375045405,8.192021546684625,3.7352937983714156,2,1.0
2149,8,B4 LM,NOLAN,2987.0,136.7525899741526,0.8536430189968156,8.152590189623883,7.119073165309175,3.4188068724943705,2,0.9
2150,8,B4 LM,NOLAN,2987.5,92.1537981657864,0.7267974065073531,-1.3740745471229927,10.001025298429287,5.897548187299143,2,0.8
2151,8,B4 LM,NOLAN,2988.0,-10.585572508710626,1.49293074692436,-1.4870285037669635,5.088659490851058,4.642530561104443,2,0.7
2152,8,B4 LM,NOLAN,2988.5,7.703964140025207,1.1935828518362532,2.2369739924019068,5.447156396858965,4.624711991590836,2,0.6
2153,6,B4 LM,NOLAN,2989.0,55.24744888379036,0.6251950697098474,10.949716701128029,13.003333676450724,3.5144394006605677,2,0.5
2154,5,B4 LM,NOLAN,2989.5,49.48868892828208,0.8399077295869469,2.0747262918571594,9.345068983747073,3.5957277012166857,2,0.4
2155,5,B4 LM,NOLAN,2990.0,48.25578110908103,0.836801237708115,2.108722328731096,9.325272622499092,3.372024899782075,2,0.3
2156,5,B4 LM,NOLAN,2990.5,54.34841378013864,0.8409403960278419,2.7284242424242433,8.853609418581167,3.607099077049929,2,0.2
2157,4,B4 LM,NOLAN,2991.0,41.2686313355286,0.8752308730041627,-1.1873838250827171,7.242536835133178,4.585681962715863,2,0.1
2158,3,B4 LM,NOLAN,2991.5,36.97288837664706,0.9131986564666752,2.252276113655657,4.187278802687464,5.500718366783792,1,1.0
2159,3,B5 SH,NOLAN,2992.0,90.82573906740916,0.7947796841868261,4.378836677079036,9.270648735948413,4.122466223245433,1,0.875
2160,3,B5 SH,NOLAN,2992.5,90.15331828111445,0.7970328876353756,4.423854191483012,9.212001502666542,4.131298927275351,1,0.75
2161,3,B5 SH,NOLAN,2993.0,-21.037892727904858,0.9615524217083544,1.966081232805402,7.079331468655404,4.72945296012185,1,0.625
2162,3,B5 SH,NOLAN,2993.5,-2.7441835327476127,0.35842588297876504,5.872911464097259,19.253976668762622,3.582231008874642,1,0.5
2163,3,B5 SH,NOLAN,2994.0,34.10016047122751,0.6952771643064788,5.788988862274157,12.86165268177006,2.90529232259836,1,0.375
2164,3,B5 SH,NOLAN,2994.5,35.422886453567905,0.7197601463029992,6.168799813448906,13.212360989048342,2.9331393015196476,1,0.25
2165,3,B5 LM,NOLAN,2995.0,82.86242291462145,0.5689688069256127,-5.428305455879572,20.979934010974407,2.8760049522245765,1,0.125
2166,8,B5 LM,NOLAN,2995.5,22.279346594232784,0.6614829637621176,0.4713322238200357,13.125053722939358,5.237265981788497,2,1.0
2167,8,B5 LM,NOLAN,2996.0,3.2518070578918667,0.6423388377320087,-1.0997882908053218,12.441634843641687,5.289413016510954,2,0.972
2168,8,B5 LM,NOLAN,2996.5,9.646748882119859,0.6094536430216568,-0.7827567269895583,11.881459718038302,5.4069611317066375,2,0.944
2169,8,B5 LM,NOLAN,2997.0,14.728692648011204,0.6001529521017266,1.7711677148248557,11.446771469467384,5.420115387175903,2,0.917
2170,8,B5 LM,NOLAN,2997.5,11.44972006245714,0.6328759748078022,2.1167687469869607,10.993607315005844,5.595248344381784,2,0.889
2171,8,B5 LM,NOLAN,2998.0,17.67674641775273,0.6470955228356184,1.443226443796077,10.915818753206162,5.609176108740098,2,0.861
2172,8,B5 LM,NOLAN,2998.5,46.961962488063676,0.6809947195949616,-0.17382696436562736,10.432015955956246,5.680230536995202,2,0.833
2173,8,B5 LM,NOLAN,2999.0,34.73177122883186,0.7009764694135701,2.486679727186337,9.024578078128368,5.393834273344106,2,0.8059999999999999
2174,8,B5 LM,NOLAN,2999.5,35.22105151180197,0.7060588132805043,2.5513087888795383,9.235701822383868,5.380731478630668,2,0.778
2175,8,B5 LM,NOLAN,3000.0,37.63149072771002,0.716341831984053,3.5089353841709063,7.772355860698777,5.784752666775173,2,0.75
2176,8,B5 LM,NOLAN,3000.5,28.59164534543587,0.7483055244929044,3.1855978349364653,8.447736150018413,5.985267353064213,2,0.722
2177,8,B5 LM,NOLAN,3001.0,35.70773030249068,0.7707649955036019,0.9739736369572844,10.596831745808721,6.0417185270414695,2,0.6940000000000001
2178,8,B5 LM,NOLAN,3001.5,22.89246751069623,0.6566661766677623,0.5210866770055759,13.057099345815454,5.250316196882624,2,0.667
2179,8,B5 LM,NOLAN,3002.0,4.451097284018829,0.6375994291884971,-1.0461332760942132,12.510569756434029,5.302437915166066,2,0.639
2180,8,B5 LM,NOLAN,3002.5,8.694669312658633,0.6141162248087312,-0.7309351689803129,11.95251328134326,5.3415347347943944,2,0.611
2181,8,B5 LM,NOLAN,3003.0,15.49277528760408,0.6047996084991981,1.7154341522370415,11.372694230471534,5.433300421266974,2,0.583
2182,8,B5 LM,NOLAN,3003.5,10.564008603434663,0.6281671816127765,2.057688002432211,11.070692157581934,5.581403058876958,2,0.556
2183,8,B5 LM,NOLAN,3004.0,18.372748647293417,0.6518708391654174,1.3369520571193456,10.83728830278837,5.567635532033807,2,0.528
2184,7,B5 LM,NOLAN,3004.5,46.498174546567675,0.6760769567724492,-0.12399350930371235,10.34810255921353,5.694763282466598,2,0.5
2185,8,B5 LM,NOLAN,3005.0,33.744752583377746,0.7111798874821968,2.616923528722015,8.915239062369807,5.354584949888523,2,0.472
2186,7,B5 LM,NOLAN,3005.5,34.239727502549044,0.6959308093019745,2.422981267318398,9.131339040065344,5.3676494560143455,2,0.444
2187,7,B5 LM,NOLAN,3006.0,37.153699397404864,0.7215468879855088,3.595264988807218,7.917725966374443,5.7693852202507285,2,0.417
2188,7,B5 LM,NOLAN,3006.5,29.12683463402125,0.7538231797393395,3.2634619014913597,8.321985507662031,5.9671389400861825,2,0.389
2189,7,B5 LM,NOLAN,3007.0,33.24667244339225,0.7765541213790459,0.9230410424072152,10.677838523385267,6.061302862874353,2,0.361
2190,5,B5 LM,NOLAN,3007.5,31.21956914563997,0.9002056053085761,1.3899230937907259,8.569636301480633,3.804040672082204,2,0.333
2191,5,B5 LM,NOLAN,3008.0,57.79578856999037,0.8440304044531912,2.9949252465804594,8.963208713945649,3.7025047628799848,2,0.306
2192,5,B5 LM,NOLAN,3008.5,63.91882421564842,0.8511982768318422,3.6573883726750247,8.62229976591061,3.697487967609794,2,0.278
2193,6,B5 LM,NOLAN,3009.0,77.73251296910871,0.8542543611445057,3.7624524626632754,9.131603377133654,3.7559031314960447,2,0.25
2194,6,B5 LM,NOLAN,3009.5,65.35457864883045,0.7352811197950735,10.777730354978905,10.543879327883284,3.66674350603265,2,0.222
2195,7,B5 LM,NOLAN,3010.0,12.306717526037426,0.956540464245275,-1.8398808247000435,7.461870676486837,3.96564349373834,2,0.194
2196,7,B5 LM,NOLAN,3010.5,-6.012325106013385,0.5769902017871406,4.6532054806098495,6.7337640477077185,6.371009527263361,2,0.16699999999999998
2197,7,B5 LM,NOLAN,3011.0,-4.115405415151058,0.5631082977978898,4.070723328630867,6.93255513869988,6.189030387104743,2,0.139
2198,7,B5 LM,NOLAN,3011.5,81.1664349358976,0.6466323090330068,7.559963778986701,11.909809487797913,3.671285714285714,2,0.111
2199,7,B5 LM,NOLAN,3012.0,89.37098194806333,0.557853005231599,6.075901024287425,14.408217954551047,3.7932813290386513,2,0.083
2200,6,B5 LM,NOLAN,3012.5,-0.827540268833765,0.5492010851653542,-0.07423905611817225,9.337828994476734,6.081315908721949,2,0.056
2201,6,B5 LM,NOLAN,3013.0,1.980676567256609,0.5022585144314623,-2.3542589234787985,11.298078423428807,5.44651966992597,2,0.028
2202,3,C SH,NOLAN,3013.5,4.665118536895946,0.729180147174771,5.579728260869565,12.47001207943326,3.133905998515319,1,1.0
2203,3,C SH,NOLAN,3014.0,72.14454428029251,0.8268381908577865,2.7621083862386757,9.557573004565304,4.334165245836072,1,0.974
2204,3,C SH,NOLAN,3014.5,187.08409657622585,0.8686933645821917,3.7646897082703723,7.593649109595103,4.0140829042340505,1,0.947
2205,3,C SH,NOLAN,3015.0,197.58229795532858,0.8933350796675322,3.2384477000336505,8.660209115913876,3.8986025941061264,1,0.921
2206,3,C SH,NOLAN,3015.5,183.12342255090286,0.9021376774202312,2.697762525569825,8.84947269798427,3.8836412259727866,1,0.895
2207,3,C SH,NOLAN,3016.0,162.8057471981351,0.9144692238945084,2.565111081137317,7.75108068165238,4.0220733389514445,1,0.868
2208,3,C SH,NOLAN,3016.5,140.61359350063879,0.9242513007959552,2.3548435777292807,7.512587832380679,4.470398349310769,1,0.8420000000000001
2209,3,C SH,NOLAN,3017.0,124.60384839883801,0.9455864753825411,2.1282424877854407,7.345253123991003,4.486484608259068,1,0.816
2210,3,C SH,NOLAN,3017.5,94.85939047433061,0.9418375165714712,1.1841072597093278,7.902854043831256,4.322338805697644,1,0.789
2211,3,C SH,NOLAN,3018.0,94.18659476236375,0.9381725677181619,1.7020034039021492,8.121236078044822,4.04634303251086,1,0.763
2212,3,C SH,NOLAN,3018.5,79.25545399862551,0.9345861995208696,1.6072982259273323,8.191816259941177,4.038200982628894,1,0.737
2213,3,C SH,NOLAN,3019.0,50.84374974642008,0.9209339426378264,1.2976481928106738,7.9768163617124905,4.1137178585129615,1,0.711
2214,3,C SH,NOLAN,3019.5,29.85654023195673,0.9113156724149164,0.9370051077215766,8.049589157819309,4.087941375168085,1,0.684
2215,3,C SH,NOLAN,3020.0,15.38236971170764,0.9051523735954496,0.13435701399778033,7.673114994067702,3.974775177585241,1,0.6579999999999999
2216,3,C SH,NOLAN,3020.5,1.216490492575403,0.8962310455008066,0.3252391732617035,8.397688906902863,3.7131909193395223,1,0.632
2217,3,C SH,NOLAN,3021.0,92.5687605983954,0.7013144784311635,7.338068525463287,12.298602824790752,2.876146213942885,1,0.605
2218,3,C SH,NOLAN,3021.5,91.41518098904473,0.6891426563241615,6.916145205435227,13.432894616552836,3.4826426309496297,1,0.579
2219,3,C SH,NOLAN,3022.0,89.48052256914758,0.6260493049287681,11.777905197555684,13.456168606363555,3.178949934107043,1,0.5529999999999999
2220,3,C SH,NOLAN,3022.5,99.59012392752796,0.7077108002286088,9.193375288933726,12.635898364860564,3.5579613153152265,1,0.526
2221,3,C SH,NOLAN,3023.0,81.94308519542962,0.6781264090311079,4.1996835886413155,10.702764834094149,3.3317074669914493,1,0.5
2222,3,C SH,NOLAN,3023.5,65.2591876946872,0.7469356681603124,2.813986585479824,13.381267550255542,2.9382906914195317,1,0.474
2223,2,C SH,NOLAN,3024.0,60.83904161620187,0.7843681717552728,-0.03004671809797932,6.0085903806162415,3.2045762260163,1,0.447
2224,2,C SH,NOLAN,3024.5,68.32820883814414,0.7935674114785382,1.6317981279392657,25.22191020378253,2.4240758859258285,1,0.421
2225,2,C SH,NOLAN,3025.0,75.0116822263493,0.7666659004679481,-1.235739369386589,23.34439244556748,2.4431467572681873,1,0.395
2226,2,C SH,NOLAN,3025.5,81.80499256990146,0.7418480106150691,1.1260839376233274,23.913806712442003,2.8843856158499337,1,0.368
2227,2,C SH,NOLAN,3026.0,82.01218218474024,0.7487031978416581,0.00609060056782873,21.568741958380446,3.4767268165006717,1,0.342
2228,2,C SH,NOLAN,3026.5,73.1166004699363,0.8042368046629069,-1.5958115239816473,31.752748560718942,2.2237440815514917,1,0.316
2229,2,C SH,NOLAN,3027.0,70.3348733956751,0.7386187356840109,-0.6954263393344804,36.65324976606603,2.104359404072569,1,0.289
2230,2,C SH,NOLAN,3027.5,78.43872598428354,0.7068175985732921,-1.9674822527283085,37.91728159829404,2.0268548878949124,1,0.263
2231,2,C SH,NOLAN,3028.0,84.10712481050395,0.6991905357510491,-2.265627731156315,37.338985370703675,1.943139206268476,1,0.237
2232,2,C SH,NOLAN,3028.5,86.19582717559116,0.6798948674501009,-2.889718631457486,38.12514726941614,1.909713512630748,1,0.211
2233,2,C SH,NOLAN,3029.0,84.17790363241366,0.6639909803357712,-4.450144825567458,34.98269527066271,2.2659403796858504,1,0.184
2234,2,C SH,NOLAN,3029.5,68.5014560917566,0.6688118155869281,-3.3139469372547468,29.346065516913363,3.0422484641208083,1,0.158
2235,2,C SH,NOLAN,3030.0,58.73578317993388,0.6971073171469049,-2.1795752953392227,20.523015860697612,3.488590463500812,1,0.132
2236,2,C SH,NOLAN,3030.5,129.43154747857236,0.7114406190854029,-1.8007637404543542,25.52885603017699,2.340049908560036,1,0.105
2237,3,C SH,NOLAN,3031.0,104.39026222747648,0.7430315445975236,6.254232157184053,9.780629131170675,3.613926473557837,1,0.079
2238,3,C LM,NOLAN,3031.5,16.237926623768963,0.9907054931901464,0.17377798615818893,12.303156459747187,4.277807478274531,1,0.053
2239,3,C LM,NOLAN,3032.0,39.995149413162714,0.9462081214953466,0.421644390562633,12.093632507620773,4.852734354170637,1,0.026
2240,8,C LM,NOLAN,3032.5,63.35995465031085,0.9673563544810186,0.025082257756511045,12.784702997263356,4.6773097157621395,2,1.0
2241,8,C LM,NOLAN,3033.0,56.00980642283342,0.9176232222646564,-0.323927347680364,12.921050283342705,4.355329987299103,2,0.991
2242,8,C LM,NOLAN,3033.5,25.82969227079431,0.8759990184227457,-0.8348399317545929,13.192983385117405,4.8824335292356125,2,0.982
2243,8,C LM,NOLAN,3034.0,21.02321171339076,0.8683623450996166,-1.9010814563754956,12.716375361237535,5.010447872800062,2,0.973
2244,8,C LM,NOLAN,3034.5,13.137473684857754,0.832764256157811,-2.4232061575034605,11.147109547750674,5.473074866943652,2,0.964
2245,8,C LM,NOLAN,3035.0,19.05452012232641,0.8067589912154975,-2.788504667234601,10.26311021895129,5.078596870897028,2,0.955
2246,8,C LM,NOLAN,3035.5,24.091592704455124,0.7594033099047702,-2.6379051666166116,9.726741969447732,5.132074301519078,2,0.946
2247,5,C LM,NOLAN,3036.0,68.66511826066713,0.7324847699445103,11.476385840067534,11.096635230312774,3.67711871063375,2,0.938
2248,5,C LM,NOLAN,3036.5,69.60898646742403,0.7296532509201854,10.34496598169898,11.274375948441072,3.736844212019711,2,0.929
2249,5,C LM,NOLAN,3037.0,74.74993476910012,0.7310735029113467,9.55537115721146,11.677719233158314,3.7838051598793965,2,0.92
2250,5,C LM,NOLAN,3037.5,78.84554330729384,0.7366665741181795,8.687558708286804,11.466859928941414,3.978071657145178,2,0.911
2251,5,C LM,NOLAN,3038.0,75.58383342339667,0.7461433495895302,7.034709682098308,9.82728859569299,4.070736120784032,2,0.902
2252,5,C LM,NOLAN,3038.5,70.56544438020094,0.7867927097421249,2.8615489671131087,6.889148829887098,4.160431558047027,2,0.893
2253,5,C LM,NOLAN,3039.0,66.44454089077932,0.8774735645428923,2.7783325373541135,4.852001081110647,4.119575633663893,2,0.884
2254,6,C LM,NOLAN,3039.5,59.227059674953225,0.5882950876915299,1.1509718589582891,18.05574664351953,3.3878013446952067,2,0.875
2255,6,C LM,NOLAN,3040.0,93.23949483245926,0.4672923980235204,-4.5645272252353815,19.903711291267573,2.688894369872097,2,0.866
2256,6,C LM,NOLAN,3040.5,89.11462863100346,0.3854952605644208,-6.071517626469929,25.583775588634964,2.3655370079245315,2,0.857
2257,6,C LM,NOLAN,3041.0,68.2908377465702,0.9076485624734862,2.7949709215095795,4.657666789975608,4.127030631190641,2,0.848
2258,5,C LM,NOLAN,3041.5,93.73545981467623,0.4937088477691341,6.959490097803824,16.251027246895962,3.777853918396143,2,0.8390000000000001
2259,5,C LM,NOLAN,3042.0,70.95182548234767,0.8955496538013058,3.605270200738111,6.332965556964512,4.115842989289471,2,0.83
2260,5,C LM,NOLAN,3042.5,79.52727608935302,0.8603427011233538,5.830339948511845,8.781595512558791,4.082072988379016,2,0.821
2261,5,C LM,NOLAN,3043.0,88.5495311659092,0.8315932331466397,7.536021122373144,11.062610231959004,4.085842357003404,2,0.813
2262,5,C LM,NOLAN,3043.5,61.79590350849934,0.8284484513561723,4.386122616232709,10.434822007546684,3.765291759002508,2,0.804
2263,5,C LM,NOLAN,3044.0,54.8654334231799,0.8124576753286389,3.7448606012468533,9.717494331182523,3.8547911757493662,2,0.795
2264,5,C LM,NOLAN,3044.5,56.24363151188504,0.7879448125014958,3.727302137296872,9.5896705979208,3.8330872851820232,2,0.7859999999999999
2265,5,C LM,NOLAN,3045.0,82.12875680204084,0.7539859928185487,6.863121841918032,12.950469854200149,3.195651516941832,2,0.777
2266,5,C LM,NOLAN,3045.5,76.21842053672569,0.7925165741081457,7.220957158553707,10.033557360447796,3.8242905661582314,2,0.768
2267,5,C LM,NOLAN,3046.0,74.54353495939847,0.8221089420305765,6.5181754744420495,8.763714832954197,3.913634658745335,2,0.759
2268,5,C LM,NOLAN,3046.5,69.22999423479138,0.8674133004514698,5.539061508241499,7.669662000275104,3.8154242842347066,2,0.75
2269,5,C LM,NOLAN,3047.0,44.298396601067275,0.8336812373354732,0.25540671555188155,4.285566226743729,4.502090895838455,2,0.741
2270,5,C LM,NOLAN,3047.5,56.58828250605843,0.8784779591196418,1.903444306143336,5.810659515177049,4.245170828106056,2,0.732
2271,5,C LM,NOLAN,3048.0,56.7606511549263,0.919847392212492,0.7941834769827361,6.470624626678138,3.6509263416909663,2,0.723
2272,5,C LM,NOLAN,3048.5,56.93305536039024,0.9697318655333984,0.06642888701774917,6.6230703202856835,3.3962420741713677,2,0.7140000000000001
2273,5,C LM,NOLAN,3049.0,52.448884791787435,1.0036725442241985,-0.7586474689807727,6.121843608604246,3.612719080388489,2,0.705
2274,5,C LM,NOLAN,3049.5,29.70692299481809,1.096837518697107,0.4133630191204309,1.935088587358296,4.138189175114459,2,0.696
2275,6,C LM,NOLAN,3050.0,110.24832001469784,0.5407897889872162,-4.949873322771552,23.06248976511584,2.6169352501810956,2,0.688
2276,6,C LM,NOLAN,3050.5,101.59334064984337,0.4824553180931984,6.182810662186879,17.705369516817402,3.5181736725947768,2,0.679
2277,6,C LM,NOLAN,3051.0,108.6429566906806,0.4319359573994816,6.399167364586053,19.378258868520454,3.4218200154749643,2,0.67
2278,6,C LM,NOLAN,3051.5,48.356833208529,0.6711868133627235,-2.2198303610201506,8.688004530143779,4.588125531597732,2,0.6609999999999999
2279,8,C LM,NOLAN,3052.0,79.1905504027765,0.5352378124583496,5.644630834856763,16.190777979806473,7.038369798872771,2,0.652
2280,8,C LM,NOLAN,3052.5,71.38181035891775,0.5211868556543042,6.825531381155541,19.158838414244663,6.937814675812511,2,0.643
2281,8,C LM,NOLAN,3053.0,74.26178371860709,0.5117546080785836,6.443093182598566,19.521333060057877,6.727873618828374,2,0.634
2282,8,C LM,NOLAN,3053.5,61.1629136607753,0.4830313665313453,3.9688340412454792,23.015624974596424,5.754175906797233,2,0.625
2283,8,C LM,NOLAN,3054.0,53.56259480725957,0.4584341647034536,1.941396354152244,21.006731801898802,5.171735544501115,2,0.616
2284,5,C LM,NOLAN,3054.5,70.03170843376893,0.6530458732349047,-7.099768333953887,19.146594819573004,2.910078686292895,2,0.607
2285,5,C LM,NOLAN,3055.0,58.83081992323266,0.8446812367517708,-3.2723126651986787,8.446191147150827,4.4379629780631324,2,0.598
2286,5,C LM,NOLAN,3055.5,71.2712812993993,0.8355059721026867,-0.62291531158849,4.626236284290119,4.220449414306233,2,0.589
2287,5,C LM,NOLAN,3056.0,78.62724812098133,0.8469823930738143,3.0349739665257864,2.8221077172479383,4.013260134336241,2,0.58
2288,5,C LM,NOLAN,3056.5,82.37595189273232,0.8678936917714734,5.080058915936188,3.69918872371571,3.9190894384437738,2,0.5710000000000001
2289,5,C LM,NOLAN,3057.0,87.4690610499712,0.9066030669323828,6.496696087671177,5.971256899570283,3.845570437749416,2,0.563
2290,5,C LM,NOLAN,3057.5,90.24912716091951,0.9378875533300384,7.196302176477268,7.4386167801878305,3.8156331191782713,2,0.5539999999999999
2291,5,C LM,NOLAN,3058.0,106.10189851087543,0.94062058231102,7.0622290740283695,7.6325583496238,3.838120802658501,2,0.545
2292,5,C LM,NOLAN,3058.5,112.62591877394863,0.9604557989812176,6.437072336002016,7.373316989130157,3.897189608871327,2,0.536
2293,5,C LM,NOLAN,3059.0,100.90629967870657,1.1534311917476905,3.855391950464592,3.2202987068918585,4.357898676445001,2,0.527
2294,5,C LM,NOLAN,3059.5,79.54270197952202,0.8195142075026765,1.436478349173716,5.41737806146362,4.4472975339819625,2,0.518
2295,5,C LM,NOLAN,3060.0,85.36657663625967,0.7591912034492301,3.0836778254501955,5.6601949740770126,4.419582315326584,2,0.509
2296,5,C LM,NOLAN,3060.5,89.6778951526895,0.44195071884977855,6.867343796745974,17.432272705140107,2.9699320728328287,2,0.5
